uri,time_bounds_lower,energy_bandpassname
ibe/data/spherex/qr2/level2/2025W19_2B/l2b-v20-2025-247/3/level2_2025W19_2B_0073_1D3_spx_l2b-v20-2025-247.fits,60803.966890,SPHEREx-D3
ibe/data/spherex/qr2/level2/2025W19_2B/l2b-v20-2025-247/3/level2_2025W19_2B_0073_2D3_spx_l2b-v20-2025-247.fits,60803.968383,SPHEREx-D3
ibe/data/spherex/qr2/level2/2025W19_2B/l2b-v20-2025-247/3/level2_2025W19_2B_0073_3D3_spx_l2b-v20-2025-247.fits,60803.969875,SPHEREx-D3
ibe/data/spherex/qr2/level2/2025W19_2B/l2b-v20-2025-247/3/level2_2025W19_2B_0073_4D3_spx_l2b-v20-2025-247.fits,60803.971367,SPHEREx-D3
ibe/data/spherex/qr2/level2/2025W19_2B/l2b-v20-2025-247/3/level2_2025W19_2B_0166_1D3_spx_l2b-v20-2025-247.fits,60804.578679,SPHEREx-D3
ibe/data/spherex/qr2/level2/2025W19_2B/l2b-v20-2025-247/3/level2_2025W19_2B_0166_2D3_spx_l2b-v20-2025-247.fits,60804.580171,SPHEREx-D3
ibe/data/spherex/qr2/level2/2025W19_2B/l2b-v20-2025-247/3/level2_2025W19_2B_0166_3D3_spx_l2b-v20-2025-247.fits,60804.581663,SPHEREx-D3
ibe/data/spherex/qr2/level2/2025W19_2B/l2b-v20-2025-247/3/level2_2025W19_2B_0166_4D3_spx_l2b-v20-2025-247.fits,60804.583156,SPHEREx-D3
ibe/data/spherex/qr2/level2/2025W22_1B/l2b-v20-2025-250/3/level2_2025W22_1B_0226_1D3_spx_l2b-v20-2025-250.fits,60822.308959,SPHEREx-D3
ibe/data/spherex/qr2/level2/2025W22_1B/l2b-v20-2025-250/3/level2_2025W22_1B_0226_2D3_spx_l2b-v20-2025-250.fits,60822.310451,SPHEREx-D3
ibe/data/spherex/qr2/level2/2025W22_1B/l2b-v20-2025-250/3/level2_2025W22_1B_0226_3D3_spx_l2b-v20-2025-250.fits,60822.311944,SPHEREx-D3
ibe/data/spherex/qr2/level2/2025W22_1B/l2b-v20-2025-250/3/level2_2025W22_1B_0226_4D3_spx_l2b-v20-2025-250.fits,60822.313436,SPHEREx-D3
ibe/data/spherex/qr2/level2/2025W23_2B/l2b-v20-2025-252/3/level2_2025W23_2B_0728_2D3_spx_l2b-v20-2025-252.fits,60834.948026,SPHEREx-D3
ibe/data/spherex/qr2/level2/2025W24_1A/l2b-v20-2025-252/3/level2_2025W24_1A_0040_4D3_spx_l2b-v20-2025-252.fits,60835.152589,SPHEREx-D3
ibe/data/spherex/qr2/level2/2025W24_1A/l2b-v20-2025-252/3/level2_2025W24_1A_0099_1D3_spx_l2b-v20-2025-252.fits,60835.420875,SPHEREx-D3
ibe/data/spherex/qr2/level2/2025W24_1A/l2b-v20-2025-252/3/level2_2025W24_1A_0126_1D3_spx_l2b-v20-2025-252.fits,60835.555710,SPHEREx-D3
ibe/data/spherex/qr2/level2/2025W25_1B/l2b-v20-2025-253/3/level2_2025W25_1B_0049_1D3_spx_l2b-v20-2025-253.fits,60842.213950,SPHEREx-D3
ibe/data/spherex/qr2/level2/2025W25_1B/l2b-v20-2025-253/3/level2_2025W25_1B_0049_2D3_spx_l2b-v20-2025-253.fits,60842.215442,SPHEREx-D3
ibe/data/spherex/qr2/level2/2025W25_1B/l2b-v20-2025-253/3/level2_2025W25_1B_0049_3D3_spx_l2b-v20-2025-253.fits,60842.216935,SPHEREx-D3
ibe/data/spherex/qr2/level2/2025W25_1B/l2b-v20-2025-253/3/level2_2025W25_1B_0049_4D3_spx_l2b-v20-2025-253.fits,60842.218427,SPHEREx-D3
ibe/data/spherex/qr2/level2/2025W25_1B/l2b-v20-2025-253/3/level2_2025W25_1B_0652_1D3_spx_l2b-v20-2025-253.fits,60845.000680,SPHEREx-D3
ibe/data/spherex/qr2/level2/2025W25_1B/l2b-v20-2025-253/3/level2_2025W25_1B_0768_1D3_spx_l2b-v20-2025-253.fits,60845.479907,SPHEREx-D3
ibe/data/spherex/qr2/level2/2025W25_2A/l2b-v20-2025-254/3/level2_2025W25_2A_0007_1D3_spx_l2b-v20-2025-254.fits,60845.543238,SPHEREx-D3
ibe/data/spherex/qr2/level2/2025W51_1A/l2b-v21-2025-354/3/level2_2025W51_1A_0594_1D3_spx_l2b-v21-2025-354.fits,61026.773312,SPHEREx-D3
ibe/data/spherex/qr2/level2/2025W51_1A/l2b-v21-2025-354/3/level2_2025W51_1A_0594_2D3_spx_l2b-v21-2025-354.fits,61026.774805,SPHEREx-D3
ibe/data/spherex/qr2/level2/2025W51_1A/l2b-v21-2025-354/3/level2_2025W51_1A_0594_3D3_spx_l2b-v21-2025-354.fits,61026.776297,SPHEREx-D3
ibe/data/spherex/qr2/level2/2025W51_1A/l2b-v21-2025-354/3/level2_2025W51_1A_0594_4D3_spx_l2b-v21-2025-354.fits,61026.777789,SPHEREx-D3
ibe/data/spherex/qr2/level2/2025W51_1A/l2b-v21-2025-354/3/level2_2025W51_1A_0622_1D3_spx_l2b-v21-2025-354.fits,61026.910440,SPHEREx-D3
ibe/data/spherex/qr2/level2/2025W51_1A/l2b-v21-2025-354/3/level2_2025W51_1A_0622_2D3_spx_l2b-v21-2025-354.fits,61026.911932,SPHEREx-D3
ibe/data/spherex/qr2/level2/2025W51_1A/l2b-v21-2025-354/3/level2_2025W51_1A_0622_3D3_spx_l2b-v21-2025-354.fits,61026.913425,SPHEREx-D3
ibe/data/spherex/qr2/level2/2025W51_1A/l2b-v21-2025-354/3/level2_2025W51_1A_0622_4D3_spx_l2b-v21-2025-354.fits,61026.914917,SPHEREx-D3
ibe/data/spherex/qr2/level2/2025W51_1A/l2b-v21-2025-354/3/level2_2025W51_1A_0635_1D3_spx_l2b-v21-2025-354.fits,61026.975762,SPHEREx-D3
ibe/data/spherex/qr2/level2/2025W51_1A/l2b-v21-2025-354/3/level2_2025W51_1A_0635_2D3_spx_l2b-v21-2025-354.fits,61026.977254,SPHEREx-D3
ibe/data/spherex/qr2/level2/2025W51_1A/l2b-v21-2025-354/3/level2_2025W51_1A_0635_3D3_spx_l2b-v21-2025-354.fits,61026.978746,SPHEREx-D3
ibe/data/spherex/qr2/level2/2025W51_1A/l2b-v21-2025-354/3/level2_2025W51_1A_0635_4D3_spx_l2b-v21-2025-354.fits,61026.980238,SPHEREx-D3
ibe/data/spherex/qr2/level2/2025W51_2A/l2b-v21-2025-357/3/level2_2025W51_2A_0020_1D3_spx_l2b-v21-2025-357.fits,61027.587266,SPHEREx-D3
ibe/data/spherex/qr2/level2/2025W51_2A/l2b-v21-2025-357/3/level2_2025W51_2A_0020_2D3_spx_l2b-v21-2025-357.fits,61027.588759,SPHEREx-D3
ibe/data/spherex/qr2/level2/2025W51_2A/l2b-v21-2025-357/3/level2_2025W51_2A_0020_3D3_spx_l2b-v21-2025-357.fits,61027.590251,SPHEREx-D3
ibe/data/spherex/qr2/level2/2025W51_2A/l2b-v21-2025-357/3/level2_2025W51_2A_0020_4D3_spx_l2b-v21-2025-357.fits,61027.591743,SPHEREx-D3
ibe/data/spherex/qr2/level2/2025W51_2A/l2b-v21-2025-357/3/level2_2025W51_2A_0034_1D3_spx_l2b-v21-2025-357.fits,61027.653654,SPHEREx-D3
ibe/data/spherex/qr2/level2/2025W52_1A/l2b-v21-2025-363/3/level2_2025W52_1A_0027_1D3_spx_l2b-v21-2025-363.fits,61031.118598,SPHEREx-D3
ibe/data/spherex/qr2/level2/2025W52_1A/l2b-v21-2025-363/3/level2_2025W52_1A_0027_2D3_spx_l2b-v21-2025-363.fits,61031.120091,SPHEREx-D3
ibe/data/spherex/qr2/level2/2025W52_1A/l2b-v21-2025-363/3/level2_2025W52_1A_0027_3D3_spx_l2b-v21-2025-363.fits,61031.121583,SPHEREx-D3
ibe/data/spherex/qr2/level2/2025W52_1A/l2b-v21-2025-363/3/level2_2025W52_1A_0027_4D3_spx_l2b-v21-2025-363.fits,61031.123075,SPHEREx-D3
ibe/data/spherex/qr2/level2/2025W52_1A/l2b-v21-2025-363/3/level2_2025W52_1A_0054_3D3_spx_l2b-v21-2025-363.fits,61031.260416,SPHEREx-D3
ibe/data/spherex/qr2/level2/2025W52_1A/l2b-v21-2025-363/3/level2_2025W52_1A_0129_1D3_spx_l2b-v21-2025-363.fits,61031.659967,SPHEREx-D3
ibe/data/spherex/qr2/level2/2025W52_1A/l2b-v21-2025-363/3/level2_2025W52_1A_0129_2D3_spx_l2b-v21-2025-363.fits,61031.661459,SPHEREx-D3
ibe/data/spherex/qr2/level2/2025W52_1A/l2b-v21-2025-363/3/level2_2025W52_1A_0129_3D3_spx_l2b-v21-2025-363.fits,61031.662952,SPHEREx-D3
ibe/data/spherex/qr2/level2/2025W52_1A/l2b-v21-2025-363/3/level2_2025W52_1A_0129_4D3_spx_l2b-v21-2025-363.fits,61031.664444,SPHEREx-D3
ibe/data/spherex/qr2/level2/2025W52_1A/l2b-v21-2025-363/3/level2_2025W52_1A_0168_1D3_spx_l2b-v21-2025-363.fits,61031.863269,SPHEREx-D3
ibe/data/spherex/qr2/level2/2025W52_1A/l2b-v21-2025-363/3/level2_2025W52_1A_0168_2D3_spx_l2b-v21-2025-363.fits,61031.864761,SPHEREx-D3
ibe/data/spherex/qr2/level2/2025W52_1A/l2b-v21-2025-363/3/level2_2025W52_1A_0168_3D3_spx_l2b-v21-2025-363.fits,61031.866271,SPHEREx-D3
ibe/data/spherex/qr2/level2/2025W52_1A/l2b-v21-2025-363/3/level2_2025W52_1A_0168_4D3_spx_l2b-v21-2025-363.fits,61031.867764,SPHEREx-D3
ibe/data/spherex/qr2/level2/2025W52_1A/l2b-v21-2025-363/3/level2_2025W52_1A_0181_4D3_spx_l2b-v21-2025-363.fits,61031.935270,SPHEREx-D3
ibe/data/spherex/qr2/level2/2025W52_1A/l2b-v21-2025-363/3/level2_2025W52_1A_0208_1D3_spx_l2b-v21-2025-363.fits,61032.067441,SPHEREx-D3
ibe/data/spherex/qr2/level2/2025W52_1A/l2b-v21-2025-363/3/level2_2025W52_1A_0249_1D3_spx_l2b-v21-2025-363.fits,61032.270797,SPHEREx-D3
ibe/data/spherex/qr2/level2/2025W52_1A/l2b-v21-2025-363/3/level2_2025W52_1A_0250_1D3_spx_l2b-v21-2025-363.fits,61032.272520,SPHEREx-D3
ibe/data/spherex/qr2/level2/2025W52_1A/l2b-v21-2025-363/3/level2_2025W52_1A_0264_1D3_spx_l2b-v21-2025-363.fits,61032.339263,SPHEREx-D3
ibe/data/spherex/qr2/level2/2026W02_2A/l2b-v23-2026-012/3/level2_2026W02_2A_0486_1D3_spx_l2b-v23-2026-012.fits,61050.673620,SPHEREx-D3
ibe/data/spherex/qr2/level2/2026W02_2A/l2b-v23-2026-012/3/level2_2026W02_2A_0520_1D3_spx_l2b-v23-2026-012.fits,61050.809166,SPHEREx-D3
ibe/data/spherex/qr2/level2/2026W02_2A/l2b-v23-2026-012/3/level2_2026W02_2A_0556_1D3_spx_l2b-v23-2026-012.fits,61050.945512,SPHEREx-D3
ibe/data/spherex/qr2/level2/2026W02_2A/l2b-v23-2026-012/3/level2_2026W02_2A_0606_1D3_spx_l2b-v23-2026-012.fits,61051.148157,SPHEREx-D3
ibe/data/spherex/qr2/level2/2026W02_2A/l2b-v23-2026-012/3/level2_2026W02_2A_0624_1D3_spx_l2b-v23-2026-012.fits,61051.217725,SPHEREx-D3
ibe/data/spherex/qr2/level2/2026W02_2A/l2b-v23-2026-012/3/level2_2026W02_2A_0798_1D3_spx_l2b-v23-2026-012.fits,61051.963088,SPHEREx-D3
ibe/data/spherex/qr2/level2/2026W03_1A/l2b-v23-2026-016/3/level2_2026W03_1A_0276_1D3_spx_l2b-v23-2026-016.fits,61053.253622,SPHEREx-D3
ibe/data/spherex/qr2/level2/2026W03_2A/l2b-v23-2026-020/3/level2_2026W03_2A_0150_1D3_spx_l2b-v23-2026-020.fits,61056.240725,SPHEREx-D3
ibe/data/spherex/qr2/level2/2026W03_2A/l2b-v23-2026-020/3/level2_2026W03_2A_0207_1D3_spx_l2b-v23-2026-020.fits,61056.513648,SPHEREx-D3
ibe/data/spherex/qr2/level2/2026W03_2A/l2b-v23-2026-020/3/level2_2026W03_2A_0477_1D3_spx_l2b-v23-2026-020.fits,61057.870818,SPHEREx-D3
ibe/data/spherex/qr2/level2/2026W20_2A/l2b-v25-2026-140/3/level2_2026W20_2A_0436_1D3_spx_l2b-v25-2026-140.fits,61177.272652,SPHEREx-D3
ibe/data/spherex/qr2/level2/2026W20_2A/l2b-v25-2026-140/3/level2_2026W20_2A_0436_2D3_spx_l2b-v25-2026-140.fits,61177.274144,SPHEREx-D3
ibe/data/spherex/qr2/level2/2026W20_2A/l2b-v25-2026-140/3/level2_2026W20_2A_0436_3D3_spx_l2b-v25-2026-140.fits,61177.275636,SPHEREx-D3
ibe/data/spherex/qr2/level2/2026W20_2A/l2b-v25-2026-140/3/level2_2026W20_2A_0436_4D3_spx_l2b-v25-2026-140.fits,61177.277128,SPHEREx-D3
ibe/data/spherex/qr2/level2/2026W20_2A/l2b-v25-2026-140/3/level2_2026W20_2A_0501_1D3_spx_l2b-v25-2026-140.fits,61177.679486,SPHEREx-D3
ibe/data/spherex/qr2/level2/2026W21_2A/l2b-v25-2026-147/3/level2_2026W21_2A_0139_1D3_spx_l2b-v25-2026-147.fits,61182.362485,SPHEREx-D3
ibe/data/spherex/qr2/level2/2026W21_2A/l2b-v25-2026-147/3/level2_2026W21_2A_0139_2D3_spx_l2b-v25-2026-147.fits,61182.363977,SPHEREx-D3
ibe/data/spherex/qr2/level2/2026W21_2A/l2b-v25-2026-147/3/level2_2026W21_2A_0139_3D3_spx_l2b-v25-2026-147.fits,61182.365487,SPHEREx-D3
ibe/data/spherex/qr2/level2/2026W21_2A/l2b-v25-2026-147/3/level2_2026W21_2A_0139_4D3_spx_l2b-v25-2026-147.fits,61182.366979,SPHEREx-D3
ibe/data/spherex/qr2/level2/2026W24_1A/l2b-v25-2026-163/3/level2_2026W24_1A_0313_1D3_spx_l2b-v25-2026-163.fits,61200.356131,SPHEREx-D3
ibe/data/spherex/qr2/level2/2026W24_1A/l2b-v25-2026-163/3/level2_2026W24_1A_0313_2D3_spx_l2b-v25-2026-163.fits,61200.357623,SPHEREx-D3
ibe/data/spherex/qr2/level2/2026W24_1A/l2b-v25-2026-163/3/level2_2026W24_1A_0313_3D3_spx_l2b-v25-2026-163.fits,61200.359115,SPHEREx-D3
ibe/data/spherex/qr2/level2/2026W24_1A/l2b-v25-2026-163/3/level2_2026W24_1A_0313_4D3_spx_l2b-v25-2026-163.fits,61200.360607,SPHEREx-D3
ibe/data/spherex/qr2/level2/2026W24_2B/l2b-v25-2026-166/3/level2_2026W24_2B_0006_1D3_spx_l2b-v25-2026-166.fits,61202.527983,SPHEREx-D3
ibe/data/spherex/qr2/level2/2026W24_2B/l2b-v25-2026-166/3/level2_2026W24_2B_0006_2D3_spx_l2b-v25-2026-166.fits,61202.529476,SPHEREx-D3
ibe/data/spherex/qr2/level2/2026W24_2B/l2b-v25-2026-166/3/level2_2026W24_2B_0006_3D3_spx_l2b-v25-2026-166.fits,61202.530968,SPHEREx-D3
ibe/data/spherex/qr2/level2/2026W24_2B/l2b-v25-2026-166/3/level2_2026W24_2B_0006_4D3_spx_l2b-v25-2026-166.fits,61202.532460,SPHEREx-D3
ibe/data/spherex/qr2/level2/2026W25_1A/l2b-v25-2026-172/3/level2_2026W25_1A_0224_1D3_spx_l2b-v25-2026-172.fits,61207.212083,SPHEREx-D3
ibe/data/spherex/qr2/level2/2026W25_1A/l2b-v25-2026-172/3/level2_2026W25_1A_0224_2D3_spx_l2b-v25-2026-172.fits,61207.213575,SPHEREx-D3
ibe/data/spherex/qr2/level2/2026W25_1A/l2b-v25-2026-172/3/level2_2026W25_1A_0448_1D3_spx_l2b-v25-2026-172.fits,61208.230298,SPHEREx-D3
